,,0,C12H10N4O2               
0,0,0,C13H20N4O6               
0,0,0,C14H10O4               
0,0,0,C15H10O10S               
0,0,0,C15H10O11S               
0,0,0,C15H10O12S2               
0,0,0,C15H10O12S3               
0,0,0,C15H10O13S2               
0,0,0,C15H10O15S3               
0,0,0,C15H10O16S3               
0,0,0,C15H10O19S4               
0,0,0,C15H10O2               
0,0,0,C15H10O3               
0,0,0,C15H10O4               
0,0,0,C15H10O5               
0,0,0,C15H10O6               
0,0,0,C15H10O7               
0,0,0,C15H10O8               
0,0,0,C15H10O8S               
0,0,0,C15H10O9               
0,0,0,C15H10O9S               
0,0,0,C15H11ClO3               
0,0,0,C15H11O4               
0,0,0,C15H11O5               
0,0,0,C15H11O6               
0,0,0,C15H11O7               
0,0,0,C15H12O3               
0,0,0,C15H12O4               
0,0,0,C15H12O5               
0,0,0,C15H12O6               
0,0,0,C15H12O7               
0,0,0,C15H12O8               
0,0,0,C15H12O8S               
0,0,0,C15H14O               
0,0,0,C15H14O2               
0,0,0,C15H14O3               
0,0,0,C15H14O4               
0,0,0,C15H14O5               
0,0,0,C15H14O6               
0,0,0,C15H14O7               
0,0,0,C15H14O8               
0,0,0,C15H8O5               
0,0,0,C15H8O6               
0,0,0,C15H8O7               
0,0,0,C15H9ClO2               
0,0,0,C15H9ClO5               
0,0,0,C15H9O6               
0,0,0,C16H10O5               
0,0,0,C16H10O6               
0,0,0,C16H10O7               
0,0,0,C16H12O10S               
0,0,0,C16H12O11S               
0,0,0,C16H12O12S2               
0,0,0,C16H12O13S2               
0,0,0,C16H12O14S2               
0,0,0,C16H12O16S3               
0,0,0,C16H12O3               
0,0,0,C16H12O4               
0,0,0,C16H12O5               
0,0,0,C16H12O6               
0,0,0,C16H12O7               
0,0,0,C16H12O8               
0,0,0,C16H12O9S               
0,0,0,C16H13ClO5               
0,0,0,C16H13O7               
0,0,0,C16H14O2               
0,0,0,C16H14O3               
0,0,0,C16H14O4               
0,0,0,C16H14O5               
0,0,0,C16H14O6               
0,0,0,C16H14O7               
0,0,0,C16H14O8               
0,0,0,C16H15O5               
0,0,0,C16H15O6               
0,0,0,C16H16O3               
0,0,0,C16H16O4               
0,0,0,C16H16O5               
0,0,0,C16H16O6               
0,0,0,C16H16O7               
0,0,0,C16H8O6               
0,0,0,C17H10O3               
0,0,0,C17H10O4               
0,0,0,C17H10O6               
0,0,0,C17H10O7               
0,0,0,C17H10O9               
0,0,0,C17H12O17S3               
0,0,0,C17H12O3               
0,0,0,C17H12O4               
0,0,0,C17H12O5               
0,0,0,C17H12O6               
0,0,0,C17H12O7               
0,0,0,C17H12O8               
0,0,0,C17H14O10S               
0,0,0,C17H14O11S               
0,0,0,C17H14O13S2               
0,0,0,C17H14O14S2               
0,0,0,C17H14O3               
0,0,0,C17H14O4               
0,0,0,C17H14O5               
0,0,0,C17H14O6               
0,0,0,C17H14O7               
0,0,0,C17H14O8               
0,0,0,C17H14O9               
0,0,0,C17H14O9S               
0,0,0,C17H15O6               
0,0,0,C17H15O7               
0,0,0,C17H16O4               
0,0,0,C17H16O5               
0,0,0,C17H16O6               
0,0,0,C17H16O7               
0,0,0,C17H16O8               
0,0,0,C17H17O5               
0,0,0,C17H17O6               
0,0,0,C17H18O3               
0,0,0,C17H18O4               
0,0,0,C17H18O5               
0,0,0,C17H18O6               
0,0,0,C17H18O7               
0,0,0,C18H10O5               
0,0,0,C18H12O4               
0,0,0,C18H12O5               
0,0,0,C18H12O6               
0,0,0,C18H12O7               
0,0,0,C18H12O8               
0,0,0,C18H12O9               
0,0,0,C18H14O3               
0,0,0,C18H14O4               
0,0,0,C18H14O5               
0,0,0,C18H14O6               
0,0,0,C18H14O7               
0,0,0,C18H14O8               
0,0,0,C18H14O9               
0,0,0,C18H15ClO7               
0,0,0,C18H16O10               
0,0,0,C18H16O10S               
0,0,0,C18H16O11S               
0,0,0,C18H16O4               
0,0,0,C18H16O5               
0,0,0,C18H16O6               
0,0,0,C18H16O7               
0,0,0,C18H16O8               
0,0,0,C18H16O9               
0,0,0,C18H17BrO5               
0,0,0,C18H17O7               
0,0,0,C18H18O3               
0,0,0,C18H18O4               
0,0,0,C18H18O5               
0,0,0,C18H18O6               
0,0,0,C18H18O7               
0,0,0,C18H18O8               
0,0,0,C18H20O3               
0,0,0,C18H20O4               
0,0,0,C18H20O5               
0,0,0,C18H20O6               
0,0,0,C18H20O7               
0,0,0,C18H8O6               
0,0,0,C21H14O7               
0,0,0,C21H14O8               
0,0,0,C21H16O5               
0,0,0,C21H16O6               
0,0,0,C21H16O8               
0,0,0,C21H18O10               
0,0,0,C21H18O11               
0,0,0,C21H18O12               
0,0,0,C21H18O13               
0,0,0,C21H18O14               
0,0,0,C21H18O15S               
0,0,0,C21H18O16S               
0,0,0,C21H18O17S               
0,0,0,C21H18O18S2               
0,0,0,C21H18O4               
0,0,0,C21H18O5               
0,0,0,C21H18O6               
0,0,0,C21H18O7               
0,0,0,C21H18O8               
0,0,0,C21H18O9               
0,0,0,C21H19HO12               
0,0,0,C21H19O11               
0,0,0,C21H20O10               
0,0,0,C21H20O11               
0,0,0,C21H20O12               
0,0,0,C21H20O13               
0,0,0,C21H20O13S               
0,0,0,C21H20O14               
0,0,0,C21H20O14S               
0,0,0,C21H20O15S               
0,0,0,C21H20O16S               
0,0,0,C21H20O3               
0,0,0,C21H20O4               
0,0,0,C21H20O5               
0,0,0,C21H20O6               
0,0,0,C21H20O7               
0,0,0,C21H20O8               
0,0,0,C21H20O9               
0,0,0,C21H21NO6               
0,0,0,C21H21O10               
0,0,0,C21H21O11               
0,0,0,C21H21O12               
0,0,0,C21H21O13               
0,0,0,C21H21O9               
0,0,0,C21H22O10               
0,0,0,C21H22O11               
0,0,0,C21H22O12               
0,0,0,C21H22O13               
0,0,0,C21H22O3               
0,0,0,C21H22O4               
0,0,0,C21H22O5               
0,0,0,C21H22O6               
0,0,0,C21H22O7               
0,0,0,C21H22O8               
0,0,0,C21H22O9               
0,0,0,C21H24O10               
0,0,0,C21H24O11               
0,0,0,C21H24O12               
0,0,0,C21H24O13               
0,0,0,C21H24O4               
0,0,0,C21H24O5               
0,0,0,C21H24O6               
0,0,0,C21H24O7               
0,0,0,C21H24O8               
0,0,0,C21H24O9               
0,0,0,C22H11O9               
0,0,0,C22H14O5               
0,0,0,C22H16O10               
0,0,0,C22H16O15S               
0,0,0,C22H16O4               
0,0,0,C22H16O5               
0,0,0,C22H16O6               
0,0,0,C22H16O7               
0,0,0,C22H16O8               
0,0,0,C22H16O9               
0,0,0,C22H18O10               
0,0,0,C22H18O11               
0,0,0,C22H18O4               
0,0,0,C22H18O5               
0,0,0,C22H18O6               
0,0,0,C22H18O7               
0,0,0,C22H18O8               
0,0,0,C22H18O9               
0,0,0,C22H20O10               
0,0,0,C22H20O11               
0,0,0,C22H20O12               
0,0,0,C22H20O13               
0,0,0,C22H20O14               
0,0,0,C22H20O15S               
0,0,0,C22H20O16S               
0,0,0,C22H20O18S2               
0,0,0,C22H20O22S3               
0,0,0,C22H20O4               
0,0,0,C22H20O5               
0,0,0,C22H20O6               
0,0,0,C22H20O7               
0,0,0,C22H20O8               
0,0,0,C22H20O9               
0,0,0,C22H21O15S               
0,0,0,C22H22O10               
0,0,0,C22H22O11               
0,0,0,C22H22O12               
0,0,0,C22H22O13               
0,0,0,C22H22O14S               
0,0,0,C22H22O15S               
0,0,0,C22H22O16S               
0,0,0,C22H22O5               
0,0,0,C22H22O6               
0,0,0,C22H22O7               
0,0,0,C22H22O8               
0,0,0,C22H22O9               
0,0,0,C22H23NO11               
0,0,0,C22H23O10               
0,0,0,C22H23O11               
0,0,0,C22H23O12               
0,0,0,C22H24O10               
0,0,0,C22H24O11               
0,0,0,C22H24O12               
0,0,0,C22H24O13               
0,0,0,C22H24O3               
0,0,0,C22H24O4               
0,0,0,C22H24O5               
0,0,0,C22H24O6               
0,0,0,C22H24O7               
0,0,0,C22H24O8               
0,0,0,C22H24O9               
0,0,0,C22H26O10               
0,0,0,C22H26O11               
0,0,0,C22H26O3               
0,0,0,C22H26O4               
0,0,0,C22H26O5               
0,0,0,C22H26O6               
0,0,0,C22H26O7               
0,0,0,C22H26O9               
0,0,0,C22H28O4               
0,0,0,C23H16O5               
0,0,0,C23H18O11               
0,0,0,C23H18O7               
0,0,0,C23H18O8               
0,0,0,C23H18O9               
0,0,0,C23H20O10               
0,0,0,C23H20O11               
0,0,0,C23H20O13               
0,0,0,C23H20O14               
0,0,0,C23H20O5               
0,0,0,C23H20O6               
0,0,0,C23H20O7               
0,0,0,C23H20O8               
0,0,0,C23H20O9               
0,0,0,C23H21O14               
0,0,0,C23H22O10               
0,0,0,C23H22O11               
0,0,0,C23H22O12               
0,0,0,C23H22O13               
0,0,0,C23H22O14               
0,0,0,C23H22O5               
0,0,0,C23H22O6               
0,0,0,C23H22O7               
0,0,0,C23H22O8               
0,0,0,C23H22O9               
0,0,0,C23H23O11               
0,0,0,C23H23O12               
0,0,0,C23H23O13               
0,0,0,C23H24O10               
0,0,0,C23H24O11               
0,0,0,C23H24O12               
0,0,0,C23H24O13               
0,0,0,C23H24O14               
0,0,0,C23H24O5               
0,0,0,C23H24O6               
0,0,0,C23H24O7               
0,0,0,C23H24O8               
0,0,0,C23H24O9               
0,0,0,C23H25O11               
0,0,0,C23H25O12               
0,0,0,C23H26O10               
0,0,0,C23H26O11               
0,0,0,C23H26O12               
0,0,0,C23H26O6               
0,0,0,C23H26O7               
0,0,0,C23H26O8               
0,0,0,C23H26O9               
0,0,0,C23H28O10               
0,0,0,C23H28O4               
0,0,0,C23H28O9               
0,0,0,C26H20O7               
0,0,0,C26H22O7               
0,0,0,C26H24O14               
0,0,0,C26H24O15               
0,0,0,C26H24O5               
0,0,0,C26H24O6               
0,0,0,C26H24O7               
0,0,0,C26H25O14               
0,0,0,C26H26O10               
0,0,0,C26H26O12               
0,0,0,C26H26O13               
0,0,0,C26H26O5               
0,0,0,C26H26O6               
0,0,0,C26H26O7               
0,0,0,C26H26O8               
0,0,0,C26H27O15               
0,0,0,C26H28O10               
0,0,0,C26H28O11               
0,0,0,C26H28O12               
0,0,0,C26H28O13               
0,0,0,C26H28O14               
0,0,0,C26H28O15               
0,0,0,C26H28O16               
0,0,0,C26H28O17               
0,0,0,C26H28O3               
0,0,0,C26H28O4               
0,0,0,C26H28O5               
0,0,0,C26H28O6               
0,0,0,C26H28O7               
0,0,0,C26H28O8               
0,0,0,C26H29NO6               
0,0,0,C26H29O14               
0,0,0,C26H29O15               
0,0,0,C26H29O16               
0,0,0,C26H30O10               
0,0,0,C26H30O11               
0,0,0,C26H30O12               
0,0,0,C26H30O13               
0,0,0,C26H30O14               
0,0,0,C26H30O15               
0,0,0,C26H30O4               
0,0,0,C26H30O5               
0,0,0,C26H30O6               
0,0,0,C26H30O7               
0,0,0,C26H30O9               
0,0,0,C26H32O12               
0,0,0,C26H32O4               
0,0,0,C26H32O5               
0,0,0,C26H32O6               
0,0,0,C26H32O7               
0,0,0,C26H32O8               
0,0,0,C27H22O14               
0,0,0,C27H22O14               
0,0,0,C27H22O15               
0,0,0,C27H22O15               
0,0,0,C27H23O16               
0,0,0,C27H23O16               
0,0,0,C27H25O17               
0,0,0,C27H25O17               
0,0,0,C27H26O11               
0,0,0,C27H26O11               
0,0,0,C27H26O14               
0,0,0,C27H26O14               
0,0,0,C27H26O15               
0,0,0,C27H26O15               
0,0,0,C27H26O17               
0,0,0,C27H26O17               
0,0,0,C27H26O18               
0,0,0,C27H26O18               
0,0,0,C27H26O19               
0,0,0,C27H26O19               
0,0,0,C27H26O20               
0,0,0,C27H26O20               
0,0,0,C27H26O7               
0,0,0,C27H26O7               
0,0,0,C27H28O10               
0,0,0,C27H28O10               
0,0,0,C27H28O13               
0,0,0,C27H28O13               
0,0,0,C27H28O14               
0,0,0,C27H28O14               
0,0,0,C27H28O15               
0,0,0,C27H28O15               
0,0,0,C27H28O16               
0,0,0,C27H28O16               
0,0,0,C27H28O17               
0,0,0,C27H28O17               
0,0,0,C27H28O18               
0,0,0,C27H28O18               
0,0,0,C27H28O19               
0,0,0,C27H28O19               
0,0,0,C27H28O6               
0,0,0,C27H28O6               
0,0,0,C27H28O7               
0,0,0,C27H28O7               
0,0,0,C27H29O17               
0,0,0,C27H29O17               
0,0,0,C27H30O10               
0,0,0,C27H30O10               
0,0,0,C27H30O11               
0,0,0,C27H30O11               
0,0,0,C27H30O13               
0,0,0,C27H30O13               
0,0,0,C27H30O14               
0,0,0,C27H30O14               
0,0,0,C27H30O15               
0,0,0,C27H30O15               
0,0,0,C27H30O16               
0,0,0,C27H30O16               
0,0,0,C27H30O17               
0,0,0,C27H30O17               
0,0,0,C27H30O18               
0,0,0,C27H30O18               
0,0,0,C27H30O18S               
0,0,0,C27H30O18S               
0,0,0,C27H30O19S               
0,0,0,C27H30O19S               
0,0,0,C27H30O6               
0,0,0,C27H30O6               
0,0,0,C27H30O7               
0,0,0,C27H30O7               
0,0,0,C27H31HO13               
0,0,0,C27H31HO13               
0,0,0,C27H31HO14               
0,0,0,C27H31HO14               
0,0,0,C27H31HO15               
0,0,0,C27H31HO15               
0,0,0,C27H31NO14               
0,0,0,C27H31NO14               
0,0,0,C27H31O14               
0,0,0,C27H31O14               
0,0,0,C27H31O15               
0,0,0,C27H31O15               
0,0,0,C27H31O16               
0,0,0,C27H31O16               
0,0,0,C27H31O17               
0,0,0,C27H31O17               
0,0,0,C27H32O11               
0,0,0,C27H32O11               
0,0,0,C27H32O12               
0,0,0,C27H32O12               
0,0,0,C27H32O13               
0,0,0,C27H32O13               
0,0,0,C27H32O14               
0,0,0,C27H32O14               
0,0,0,C27H32O15               
0,0,0,C27H32O15               
0,0,0,C27H32O16               
0,0,0,C27H32O16               
0,0,0,C27H32O17               
0,0,0,C27H32O17               
0,0,0,C27H32O5               
0,0,0,C27H32O5               
0,0,0,C27H32O6               
0,0,0,C27H32O6               
0,0,0,C27H32O7               
0,0,0,C27H32O7               
0,0,0,C27H34O11               
0,0,0,C27H34O11               
0,0,0,C27H34O15               
0,0,0,C27H34O15               
0,0,0,C27H34O16               
0,0,0,C27H34O16               
0,0,0,C27H34O17               
0,0,0,C27H34O17               
0,0,0,C27H34O5               
0,0,0,C27H34O5               
0,0,0,C27H34O9               
0,0,0,C27H34O9               
0,0,0,C28H38Cl2N7O17P3S               
0,0,0,C28H39ClN7O17P3S               
0,0,0,C28H40N7O17P3S               
0,0,0,C28H40N7O18P3S               
0,0,0,C28H41N8O17P3S               
0,0,0,C28H44N7O18P3S               
0,0,0,C28H44N7O19P3S               
0,0,0,C28H44N7O20P3S               
0,0,0,C28H46N7O19P3S               
0,0,0,C28H46N7O20P3S               
0,0,0,C28H49N8O17P3S               
0,0,0,C28H51N8O18P3S               
0,0,0,C29H22O14               
0,0,0,C29H22O15               
0,0,0,C29H24O12               
0,0,0,C29H24O5               
0,0,0,C29H24O6               
0,0,0,C29H24O8               
0,0,0,C29H24O9               
0,0,0,C29H25O11               
0,0,0,C29H26O11               
0,0,0,C29H26O12               
0,0,0,C29H26O13               
0,0,0,C29H26O16               
0,0,0,C29H26O7               
0,0,0,C29H26O8               
0,0,0,C29H28O11               
0,0,0,C29H28O12               
0,0,0,C29H28O13               
0,0,0,C29H30O17               
0,0,0,C29H30O7               
0,0,0,C29H30O8               
0,0,0,C29H31O17               
0,0,0,C29H31O18               
0,0,0,C29H31O19               
0,0,0,C29H32O10               
0,0,0,C29H32O12               
0,0,0,C29H32O13               
0,0,0,C29H32O15               
0,0,0,C29H32O16               
0,0,0,C29H32O17               
0,0,0,C29H32O18               
0,0,0,C29H33O15               
0,0,0,C29H33O16               
0,0,0,C29H33O17               
0,0,0,C29H33O18               
0,0,0,C29H34O12               
0,0,0,C29H34O13               
0,0,0,C29H34O14               
0,0,0,C29H34O15               
0,0,0,C29H34O16               
0,0,0,C29H34O17               
0,0,0,C29H34O18               
0,0,0,C29H35O16               
0,0,0,C29H35O17               
0,0,0,C29H35O20S               
0,0,0,C29H36O14               
0,0,0,C29H36O15               
0,0,0,C29H38O15               
0,0,0,C29H38O16               
0,0,0,C30H24O16               
0,0,0,C30H26O12               
0,0,0,C30H26O13               
0,0,0,C30H26O14               
0,0,0,C30H26O15               
0,0,0,C30H26O16               
0,0,0,C30H26O17               
0,0,0,C30H26O7               
0,0,0,C30H27O12               
0,0,0,C30H27O13               
0,0,0,C30H27O14               
0,0,0,C30H27O15               
0,0,0,C30H27O17               
0,0,0,C30H28O10               
0,0,0,C30H28O12               
0,0,0,C30H28O13               
0,0,0,C30H28O6               
0,0,0,C30H28O7               
0,0,0,C30H28O8               
0,0,0,C30H28O9               
0,0,0,C30H30O10               
0,0,0,C30H30O12               
0,0,0,C30H30O14               
0,0,0,C30H30O19               
0,0,0,C30H30O6               
0,0,0,C30H30O7               
0,0,0,C30H31O20               
0,0,0,C30H32O12               
0,0,0,C30H32O17               
0,0,0,C30H32O18               
0,0,0,C30H32O19               
0,0,0,C30H32O20               
0,0,0,C30H32O5               
0,0,0,C30H32O6               
0,0,0,C30H32O7               
0,0,0,C30H33O17               
0,0,0,C30H33O18               
0,0,0,C30H33O19               
0,0,0,C30H33O20               
0,0,0,C30H34O15               
0,0,0,C30H34O16               
0,0,0,C30H34O17               
0,0,0,C30H34O18               
0,0,0,C30H34O4               
0,0,0,C30H34O5               
0,0,0,C30H34O6               
0,0,0,C30H34O7               
0,0,0,C30H34O8               
0,0,0,C30H35O17               
0,0,0,C30H35O18               
0,0,0,C30H35O19               
0,0,0,C30H36O14               
0,0,0,C30H36O15               
0,0,0,C30H36O16               
0,0,0,C30H36O17               
0,0,0,C30H36O18               
0,0,0,C30H36O4               
0,0,0,C30H36O5               
0,0,0,C30H36O6               
0,0,0,C30H36O7               
0,0,0,C30H37O17               
0,0,0,C30H38O15               
0,0,0,C30H38O4               
0,0,0,C30H38O5               
0,0,0,C30H38O6               
0,0,0,C30H38O8               
0,0,0,C30H40O15               
0,0,0,C30H40O16               
0,0,0,C31H26O15               
0,0,0,C31H28O13               
0,0,0,C31H28O14               
0,0,0,C31H28O15               
0,0,0,C31H28O16               
0,0,0,C31H29O13               
0,0,0,C31H29O14               
0,0,0,C31H30O13               
0,0,0,C31H30O8               
0,0,0,C31H33O18               
0,0,0,C31H33O19               
0,0,0,C31H33O20               
0,0,0,C31H34O16               
0,0,0,C31H34O17               
0,0,0,C31H34O18               
0,0,0,C31H34O19               
0,0,0,C31H35O17               
0,0,0,C31H35O18               
0,0,0,C31H35O19               
0,0,0,C31H35O21               
0,0,0,C31H36O14               
0,0,0,C31H36O15               
0,0,0,C31H36O16               
0,0,0,C31H36O18               
0,0,0,C31H36O19               
0,0,0,C31H36O20               
0,0,0,C31H36O6               
0,0,0,C31H37O18               
0,0,0,C31H38O12               
0,0,0,C31H38O15               
0,0,0,C31H38O16               
0,0,0,C31H38O17               
0,0,0,C31H38O18               
0,0,0,C31H38O6               
0,0,0,C31H38O7               
0,0,0,C31H38O8               
0,0,0,C31H40O4               
0,0,0,C31H42O15               
0,0,0,C32H28O13               
0,0,0,C32H28O14               
0,0,0,C32H30O12               
0,0,0,C32H30O13               
0,0,0,C32H30O14               
0,0,0,C32H30O15               
0,0,0,C32H30O16               
0,0,0,C32H30O7               
0,0,0,C32H31O14               
0,0,0,C32H31O15               
0,0,0,C32H34O18               
0,0,0,C32H34O19               
0,0,0,C32H35O19               
0,0,0,C32H36O17               
0,0,0,C32H36O18               
0,0,0,C32H36O19               
0,0,0,C32H37O19               
0,0,0,C32H37O20               
0,0,0,C32H37O23S               
0,0,0,C32H38O14               
0,0,0,C32H38O15               
0,0,0,C32H38O16               
0,0,0,C32H38O17               
0,0,0,C32H38O18               
0,0,0,C32H38O19               
0,0,0,C32H38O20               
0,0,0,C32H38O21               
0,0,0,C32H39O18               
0,0,0,C32H39O19               
0,0,0,C32H39O20               
0,0,0,C32H39O21               
0,0,0,C32H40O15               
0,0,0,C32H40O16               
0,0,0,C32H40O17               
0,0,0,C32H40O18               
0,0,0,C32H40O19               
0,0,0,C32H42O15               
0,0,0,C32H42O17               
0,0,0,C33H30O7               
0,0,0,C33H30O9               
0,0,0,C33H32O15               
0,0,0,C33H32O20               
0,0,0,C33H32O7               
0,0,0,C33H33O14               
0,0,0,C33H34O17               
0,0,0,C33H34O24               
0,0,0,C33H35O22               
0,0,0,C33H35O23               
0,0,0,C33H36O22               
0,0,0,C33H36O23               
0,0,0,C33H38O18               
0,0,0,C33H38O19               
0,0,0,C33H38O20               
0,0,0,C33H38O21               
0,0,0,C33H38O22               
0,0,0,C33H38O23               
0,0,0,C33H40O14               
0,0,0,C33H40O15               
0,0,0,C33H40O16               
0,0,0,C33H40O18               
0,0,0,C33H40O19               
0,0,0,C33H40O20               
0,0,0,C33H40O21               
0,0,0,C33H40O22               
0,0,0,C33H40O23               
0,0,0,C33H40O7               
0,0,0,C33H41O19               
0,0,0,C33H41O20               
0,0,0,C33H41O21               
0,0,0,C33H41O22               
0,0,0,C33H42O15               
0,0,0,C33H42O18               
0,0,0,C33H42O19               
0,0,0,C33H42O20               
0,0,0,C34H30O14               
0,0,0,C34H32O15               
0,0,0,C34H34O18               
0,0,0,C34H34O20               
0,0,0,C34H35O19               
0,0,0,C34H37O23               
0,0,0,C34H38O19               
0,0,0,C34H40O16               
0,0,0,C34H40O19               
0,0,0,C34H41O22               
0,0,0,C34H42O15               
0,0,0,C34H42O17               
0,0,0,C34H42O18               
0,0,0,C34H42O19               
0,0,0,C34H42O20               
0,0,0,C34H42O21               
0,0,0,C34H42O22               
0,0,0,C34H42O23               
0,0,0,C34H43O20               
0,0,0,C34H43O21               
0,0,0,C34H43O22               
0,0,0,C34H44O19               
0,0,0,C34H44O20               
0,0,0,C34H50O6               
0,0,0,C35H28O19               
0,0,0,C35H28O20               
0,0,0,C35H29O19               
0,0,0,C35H30O17               
0,0,0,C35H30O18               
0,0,0,C35H32O13               
0,0,0,C35H34O16               
0,0,0,C35H34O18               
0,0,0,C35H34O19               
0,0,0,C35H34O8               
0,0,0,C35H34O9               
0,0,0,C35H35NO14               
0,0,0,C35H35O17               
0,0,0,C35H35O18               
0,0,0,C35H36O15               
0,0,0,C35H38O21               
0,0,0,C35H38O7               
0,0,0,C35H39O23               
0,0,0,C35H39O25               
0,0,0,C35H40O23               
0,0,0,C35H41O23               
0,0,0,C35H42O16               
0,0,0,C35H42O20               
0,0,0,C35H42O21               
0,0,0,C35H42O22               
0,0,0,C35H42O6               
0,0,0,C35H44O20               
0,0,0,C35H44O21               
0,0,0,C35H44O22               
0,0,0,C35H44O23               
0,0,0,C35H44O4               
0,0,0,C35H44O5               
0,0,0,C35H44O7               
0,0,0,C35H45O21               
0,0,0,C35H45O22               
0,0,0,C35H46O4               
0,0,0,C36H30O7               
0,0,0,C36H36O11               
0,0,0,C36H36O16               
0,0,0,C36H36O17               
0,0,0,C36H36O18               
0,0,0,C36H36O19               
0,0,0,C36H36O20               
0,0,0,C36H37O16               
0,0,0,C36H37O17               
0,0,0,C36H37O18               
0,0,0,C36H37O19               
0,0,0,C36H37O20               
0,0,0,C36H38O16               
0,0,0,C36H43O24               
0,0,0,C36H43O25               
0,0,0,C36H44O20               
0,0,0,C36H44O21               
0,0,0,C36H44O22               
0,0,0,C36H46O20               
0,0,0,C37H30O15               
0,0,0,C37H34O20               
0,0,0,C37H34O7               
0,0,0,C37H36O22               
0,0,0,C37H38O16               
0,0,0,C37H38O17               
0,0,0,C37H38O18               
0,0,0,C37H38O19               
0,0,0,C37H38O20               
0,0,0,C37H39O18               
0,0,0,C37H39O19               
0,0,0,C37H40O15               
0,0,0,C37H44O17               
0,0,0,C37H44O24               
0,0,0,C37H46O19               
0,0,0,C37H46O23               
0,0,0,C37H46O24               
0,0,0,C38H36O18               
0,0,0,C38H36O21               
0,0,0,C38H39O18               
0,0,0,C38H40O18               
0,0,0,C38H40O19               
0,0,0,C38H40O20               
0,0,0,C38H40O21               
0,0,0,C38H41O18               
0,0,0,C38H41O19               
0,0,0,C38H41O20               
0,0,0,C38H46O21               
0,0,0,C38H47O24               
0,0,0,C38H48O19               
0,0,0,C38H48O20               
0,0,0,C38H48O23               
0,0,0,C38H48O24               
0,0,0,C39H32O14               
0,0,0,C39H32O15               
0,0,0,C39H32O16               
0,0,0,C39H34O14               
0,0,0,C39H34O16               
0,0,0,C39H38O23               
0,0,0,C39H39O20               
0,0,0,C39H39O21               
0,0,0,C39H39O22               
0,0,0,C39H39O23               
0,0,0,C39H41O19               
0,0,0,C39H42O19               
0,0,0,C39H42O21               
0,0,0,C39H43O20               
0,0,0,C39H43O22               
0,0,0,C39H46O18               
0,0,0,C39H50O19               
0,0,0,C39H50O20               
0,0,0,C39H50O23               
0,0,0,C39H50O24               
0,0,0,C39H50O25               
0,0,0,C39H50O26               
0,0,0,C39H51O25               
0,0,0,C40H34O15               
0,0,0,C40H34O16               
0,0,0,C40H38O11               
0,0,0,C40H38O16               
0,0,0,C40H40O22               
0,0,0,C40H41O21               
0,0,0,C40H41O22               
0,0,0,C40H44O22               
0,0,0,C40H45O21               
0,0,0,C40H45O22               
0,0,0,C40H50O20               
0,0,0,C40H52O24               
0,0,0,C40H52O26               
0,0,0,C40H52O27               
0,0,0,C40H53O26               
0,0,0,C41H41O23               
0,0,0,C41H43O22               
0,0,0,C41H44O22               
0,0,0,C41H44O23               
0,0,0,C41H44O24               
0,0,0,C41H45O22               
0,0,0,C41H49O27               
0,0,0,C41H52O21               
0,0,0,C43H36O17               
0,0,0,C43H36O17               
0,0,0,C43H42O27               
0,0,0,C43H42O27               
0,0,0,C43H47O25               
0,0,0,C43H47O25               
0,0,0,C43H48O22               
0,0,0,C43H48O22               
0,0,0,C43H48O23               
0,0,0,C43H48O23               
0,0,0,C43H48O24               
0,0,0,C43H48O24               
0,0,0,C43H48O25               
0,0,0,C43H48O25               
0,0,0,C43H49O22               
0,0,0,C43H49O22               
0,0,0,C43H49O23               
0,0,0,C43H49O23               
0,0,0,C43H49O24               
0,0,0,C43H49O24               
0,0,0,C43H52O20               
0,0,0,C43H52O20               
0,0,0,C43H54O22               
0,0,0,C43H54O22               
0,0,0,C43H56O24               
0,0,0,C43H56O24               
0,0,0,C44H40O8               
0,0,0,C44H45O25               
0,0,0,C44H47O24               
0,0,0,C44H47O25               
0,0,0,C44H50O25               
0,0,0,C44H50O26               
0,0,0,C44H51O23               
0,0,0,C44H51O24               
0,0,0,C44H51O25               
0,0,0,C44H58O25               
0,0,0,C45H49O25               
0,0,0,C45H49O26               
0,0,0,C45H49O27               
0,0,0,C45H52O24               
0,0,0,C45H53O24               
0,0,0,C45H56O23               
0,0,0,C45H60O24               
0,0,0,C46H51O27               
0,0,0,C46H55O26               
0,0,0,C47H55O27               
0,0,0,C48H40O27               
0,0,0,C48H56O26               
0,0,0,C48H56O27               
0,0,0,C48H56O29               
0,0,0,C48H57O28               
0,0,0,C48H57O29               
0,0,0,C49H40O29               
0,0,0,C49H58O26               
0,0,0,C49H59O28               
0,0,0,C49H59O29               
0,0,0,C50H57O30               
0,0,0,C51H46O9               
0,0,0,C51H53O25               
0,0,0,C51H53O26               
0,0,0,C51H53O27               
0,0,0,C51H53O28               
0,0,0,C51H59O32               
0,0,0,C52H55O25               
0,0,0,C52H55O26               
0,0,0,C52H55O27               
0,0,0,C55H73CoN11O15               
0,0,0,C55H77CoN15O11               
0,0,0,C57H61O34               
0,0,0,C57H63O30               
0,0,0,C57H63O31               
0,0,0,C57H63O32               
0,0,0,C58H59O36               
0,0,0,C58H63O32               
0,0,0,C58H63O33               
0,0,0,C58H65O31               
0,0,0,C59H67O30               
0,0,0,C59H67O31               
0,0,0,C59H67O32               
0,0,0,C60H63O37               
0,0,0,C60H65O34               
0,0,0,C60H69O31               
0,0,0,C61H67O34               
0,0,0,C62H71O38               
0,0,0,C63H73O36               
0,0,0,C66H69O33               
0,0,0,C66H69O35               
0,0,0,C66H75O39               
0,0,0,C69H82O36               
